<?xml version="1.0" encoding="UTF-8" ?>
<KeyBindings Version="1.0" Emulation="CUA">
	<Mode Name="actionscript">
		<Assign Key=":" Command="actionscript-colon" />
		<Assign Key="{" Command="actionscript-begin" />
		<Assign Key="}" Command="actionscript-endbrace" />
	</Mode>
	<Mode Name="default">
		<Assign Key="Alt+'" Command="duplicate-line" />
		<Assign Key="Alt+A" Command="adjust-block-selection" />
		<Assign Key="Alt+B" Command="select-block" />
		<Assign Key="Alt+C" Command="copy-to-cursor" />
		<Assign Key="Alt+D" Command="cut" />
		<Assign Key="Alt+E" Command="end-select" />
		<Assign Key="Alt+F" Command="fill-selection" />
		<Assign Key="Alt+Home" Command="center-line" />
		<Assign Key="Alt+J" Command="join-line" />
		<Assign Key="Alt+K" Command="cut" />
		<Assign Key="Alt+L" Command="select-line" />
		<Assign Key="Alt+M" Command="move-to-cursor" />
		<Assign Key="Alt+N" Command="keyin-buf-name" />
		<Assign Key="Alt+O" Command="overlay-block-selection" />
		<Assign Key="Alt+P" Command="reflow-paragraph" />
		<Assign Key="Alt+PgDn" Command="line-to-bottom" />
		<Assign Key="Alt+PgUp" Command="line-to-top" />
		<Assign Key="Alt+Q" Command="what-is" />
		<Assign Key="Alt+R" Command="root-keydef" />
		<Assign Key="Alt+S" Command="split-line" />
		<Assign Key="Alt+Shift+Q" Command="where-is" />
		<Assign Key="Alt+T a" Command="activate-call-stack" />
		<Assign Key="Alt+T b" Command="activate-build" />
		<Assign Key="Alt+T c" Command="activate-tbclass" />
		<Assign Key="Alt+T d" Command="activate-defs" />
		<Assign Key="Alt+T f" Command="activate-find-symbol" />
		<Assign Key="Alt+T h" Command="activate-deltasave" />
		<Assign Key="Alt+T j" Command="activate-projects" />
		<Assign Key="Alt+T k" Command="activate-bookmarks" />
		<Assign Key="Alt+T l" Command="activate-files-files" />
		<Assign Key="Alt+T o" Command="activate-open" />
		<Assign Key="Alt+T p" Command="activate-files-project" />
		<Assign Key="Alt+T r" Command="activate-references" />
		<Assign Key="Alt+T s" Command="activate-search" />
		<Assign Key="Alt+T t" Command="activate-ftp" />
		<Assign Key="Alt+T u" Command="activate-output" />
		<Assign Key="Alt+T v" Command="activate-preview" />
		<Assign Key="Alt+T w" Command="activate-files-workspace" />
		<Assign Key="Alt+T x" Command="activate-regex-evaluator" />
		<Assign Key="Alt+T y" Command="activate-symbols-browser" />
		<Assign Key="Alt+U" Command="deselect" />
		<Assign Key="Alt+V" Command="copy-to-clipboard" />
		<Assign Key="Alt+W" Command="cut-word" />
		<Assign Key="Alt+X" Command="safe-exit" />
		<Assign Key="Alt+Y" Command="begin-select" />
		<Assign Key="Alt+Z" Command="select-char" />
		<Assign Key="Context" Command="mou-click-menu-block" />
		<Assign Key="Ctrl+0 -&gt; Ctrl+9" Command="alt-gtbookmark" />
		<Assign Key="Ctrl+;" Command="push-bookmark" />
		<Assign Key="Ctrl+F3" Command="quick-search" />
		<Assign Key="Ctrl+Shift+0 -&gt; Ctrl+Shift+9" Command="alt-bookmark" />
		<Assign Key="Ctrl+Shift+F3" Command="quick-reverse-search" />
		<Assign Key="F5" Command="config" />
		<Assign Key="Shift+F1" Command="scroll-up" />
		<Assign Key="Shift+F2" Command="scroll-down" />
		<Assign Key="Shift+F3" Command="scroll-left" />
		<Assign Key="Shift+F4" Command="scroll-right" />
		<Assign Key="Shift+Tab" Command="cbacktab" />
		<Assign Key="Tab" Command="ctab" />
	</Mode>
	<Mode Name="grep">
		<Assign Key="Ctrl+Down" Command="grep-next-file" />
		<Assign Key="Ctrl+Up" Command="grep-prev-file" />
		<Assign Key="Esc" Command="grep-esc" />
	</Mode>
	<Mode Name="html">
		<Assign Key="Alt+Shift+A" Command="wrox-make-anchor" />
	</Mode>
	<Mode Name="qbasic">
		<Assign Key="Ctrl+Space" Command="codehelp-complete" />
	</Mode>
	<Mode Name="systemverilog">
		<Assign Key="Ctrl+Space" Command="codehelp-complete" />
	</Mode>
	<Mode Name="vera">
		<Assign Key="Ctrl+Space" Command="codehelp-complete" />
	</Mode>
	<Mode Name="verilog">
		<Assign Key="Ctrl+Space" Command="codehelp-complete" />
	</Mode>
</KeyBindings>
