<options>
	<profile n="colorcoding_profiles.LogFile" version="2">
		<p n="idchars" v="a-zA-Z%\-\\/ 0-9_?.~"/>
		<p n="case_sensitive" v="0"/>
		<p n='string,"'>
			<attrs end='"' escape_char="\"/>
		</p>
		<p n="inherit" v="LogFile"/>
		<p n="k,.*WARNING">
			<attrs flags="first_non_blank perlre" color_to_eol="k"/>
		</p>
		<p n="float,[INFO:]"/>
		<p n="k,[\s+]at .*">
			<attrs flags="perlre" color_to_eol="k"/>
		</p>
		<p n="hex_int,Caused by: .*">
			<attrs flags="perlre" color_to_eol="k"/>
		</p>
		<p n="pu,.*SEVERE">
			<attrs flags="perlre" case_sensitive="0" color_to_eol="pu"/>
		</p>
	</profile>
</options>
