<options>
	<profile n="colorcoding_profiles.Jira" version="2">
		<p n="idchars" v="a-zA-Z0-9 "/>
		<p n="case_sensitive" v="0"/>
		<p n="mn_flags" v="zerob_binary zerod_decimal zerox_p_float zerox_hex zeroo_octal"/>
		<p n="styles" v="xml_literals"/>
		<p n="markdown_code,`">
			<attrs end="`"/>
		</p>
		<p n="function,*">
			<attrs end="*" flags="terminate" case_sensitive="0"/>
		</p>
		<p n="markdown_blockquote,\d+\/\d+\/\d+ \d+\:\d+ ">
			<attrs end="AM|PM" flags="perlre end_perlre terminate" case_sensitive="0"/>
		</p>
		<p n="markdown_header,^#">
			<attrs flags="perlre" color_to_eol="markdown_header"/>
		</p>
		<p n="function,^GS|TRE\-\d+">
			<attrs end=":" flags="perlre terminate"/>
		</p>
		<p n="markdown_code,{code:java}">
			<attrs end="{code}" flags="multiline" case_sensitive="1"/>
		</p>
		<p n="attribute,!!!">
			<attrs color_to_eol="attribute"/>
		</p>
	</profile>
</options>
