<options>
	<profile n="eventtab_profiles.autohotkey" version="1">
		<p n="' '" v="ext-space"/>
		<p n="'('" v="auto-functionhelp-key"/>
	</profile>
	<profile n="eventtab_profiles.emulation-CUA" version="1">
		<p n="'TAB'" v="ctab"/>
		<p n="'S-F1'" v="scroll-up"/>
		<p n="'S-F2'" v="scroll-down"/>
		<p n="'S-F3'" v="scroll-left"/>
		<p n="'S-F4'" v="scroll-right"/>
		<p n="'S-F6'" v="resync"/>
		<p n="'S-TAB'" v="cbacktab"/>
		<p n="'C-0'-'C-9'" v="alt-gtbookmark"/>
		<p n="'C-;'" v="push-bookmark"/>
		<p n="'C-N'" v="next-buff-tab"/>
		<p n="'C-P'" v="prev-buff-tab"/>
		<p n="'C-W'" v="surround-with"/>
		<p n="'C-F3'" v="quick-search"/>
		<p n="'C-BACKSPACE'" v="delete-prev-word"/>
		<p n="'C-S-/'" v="toggle-comment"/>
		<p n="'C-S-0'-'C-S-9'" v="alt-bookmark"/>
		<p n="'C-S-F3'" v="quick-reverse-search"/>
		<p n="'A-'''" v="duplicate-line"/>
		<p n="'A-B'" v="select-block"/>
		<p n="'A-F'" v="fill-selection"/>
		<p n="'A-J'" v="join-line"/>
		<p n="'A-N'" v="keyin-buf-name"/>
		<p n="'A-P'" v="reflow-paragraph"/>
		<p n="'A-BACKSPACE'" v="delete-prev-subword"/>
		<p n="'A-HOME'" v="center-line"/>
		<p n="'A-LEFT'" v="prev-subword"/>
		<p n="'A-RIGHT'" v="next-subword"/>
		<p n="'A-PGUP'" v="line-to-top"/>
		<p n="'A-PGDN'" v="line-to-bottom"/>
		<p n="'A-S-A'" v="k-context-menu"/>
		<p n="'A-S-PGUP'" v="page-left"/>
		<p n="'A-S-PGDN'" v="page-right"/>
		<p n="'C-T' 'a'" v="transpose-chars"/>
		<p n="'C-T' 'c'" v="string-copy"/>
		<p n="'C-T' 'e'" v="transpose-sexp"/>
		<p n="'C-T' 'l'" v="transpose-lines"/>
		<p n="'C-T' 'v'" v="string-paste"/>
		<p n="'C-T' 'w'" v="transpose-words"/>
		<p n="'A-=' 'c'" v="align-selection-center"/>
		<p n="'A-=' 's'" v="align-chars"/>
		<p n="'A-=' 'LEFT'" v="align-selection-left"/>
		<p n="'A-=' 'RIGHT'" v="align-selection-right"/>
		<p n="'A-A' 'w'" v="word-wrap-toggle"/>
		<p n="'A-C' 'd'" v="copy-buf-name-dir"/>
		<p n="'A-C' 'e'" v="copy-buf-name-noext"/>
		<p n="'A-C' 'f'" v="copy-buf-name"/>
		<p n="'A-C' 'n'" v="copy-buf-name-only"/>
		<p n="'A-D' 'b'" v="cd-to-buffer"/>
		<p n="'A-T' 'a'" v="activate-call-stack"/>
		<p n="'A-T' 'b'" v="activate-build"/>
		<p n="'A-T' 'c'" v="activate-tbclass"/>
		<p n="'A-T' 'd'" v="activate-defs"/>
		<p n="'A-T' 'e'" v="activate-annotations"/>
		<p n="'A-T' 'f'" v="activate-find-symbol"/>
		<p n="'A-T' 'h'" v="activate-deltasave"/>
		<p n="'A-T' 'j'" v="activate-projects"/>
		<p n="'A-T' 'k'" v="activate-bookmarks"/>
		<p n="'A-T' 'l'" v="activate-files-files"/>
		<p n="'A-T' 'o'" v="activate-open"/>
		<p n="'A-T' 'p'" v="activate-files-project"/>
		<p n="'A-T' 'r'" v="activate-references"/>
		<p n="'A-T' 's'" v="activate-search"/>
		<p n="'A-T' 't'" v="activate-ftp"/>
		<p n="'A-T' 'u'" v="activate-output"/>
		<p n="'A-T' 'v'" v="activate-preview"/>
		<p n="'A-T' 'w'" v="activate-files-workspace"/>
		<p n="'A-T' 'x'" v="activate-regex-evaluator"/>
		<p n="'A-T' 'y'" v="activate-symbols-browser"/>
		<p n="'A-S-J' 'l'" v="join-lines"/>
		<p n="'C-''' 't'" v="addDebug"/>
		<p n="'A-V' 'f'" v="rmv-c-dev"/>
		<p n="'A-S-Q'" v="show-xmenu1"/>
		<p n="'C-A-U'" v="explore-vpj"/>
		<p n="'A-R' '2'" v="show-xmenu1"/>
		<p n="'A-C' 'u' 'd'" v="copy-unix-dir-path2"/>
		<p n="'A-C' 'u' 'f'" v="copy-unix-path"/>
		<p n="'A-C' 'i'" v="getInfoFromRsync"/>
		<p n="'A-C' 'r' 'c'" v="copy-local-to-remote"/>
		<p n="'A-R' 'c'" v="copy-local-to-remote"/>
		<p n="'A-R' 'p'" v="start-primary"/>
		<p n="'A-R' 'm'" v="start-mobaxterm"/>
		<d n="'C-S-1'-'C-S-9'"/>
		<d n="'C-1'-'C-9'"/>
		<d n="'A-='"/>
		<d n="'C-0'"/>
	</profile>
	<profile n="eventtab_profiles.jira" version="1">
		<p n="' '" v="ext-space"/>
		<p n="'('" v="auto-functionhelp-key"/>
	</profile>
	<profile n="eventtab_profiles.logfile" version="1">
		<p n="' '" v="ext-space"/>
		<p n="'('" v="auto-functionhelp-key"/>
	</profile>
	<profile n="eventtab_profiles.protocolbuffer" version="1">
		<p n="' '" v="ext-space"/>
		<p n="'('" v="auto-functionhelp-key"/>
	</profile>
	<profile n="eventtab_profiles.ruby" version="1">
		<p n="'#'" v="ruby-hash"/>
	</profile>
</options>
