<FileNameMap>
	<Patterns>
		<Pattern AntPattern="**\makefile" Language="mak">
		</Pattern>
		<Pattern AntPattern="**\Imakefile" Language="imakefile">
		</Pattern>
		<Pattern AntPattern="C:\Users\egutarra\DOCUME~1\MobaXterm\slash\RemoteFiles\132632_2_0\Dockerfile" Language="ini">
		</Pattern>
		<Pattern AntPattern="C:\Users\egutarra\DOCUME~1\MobaXterm\slash\RemoteFiles\263580_2_0\Dockerfile" Language="ini">
		</Pattern>
		<Pattern AntPattern="C:\dev\lin64vm511.rofa.tibco.com\qa\DockerTest\Dockerfile" Language="ini">
		</Pattern>
		<Pattern AntPattern="C:\Users\egutarra\DOCUME~1\MobaXterm\slash\RemoteFiles\263580_2_1\Dockerfile" Language="ini">
		</Pattern>
		<Pattern AntPattern="C:\dev\lin64vm034.rofa.tibco.com\qa\DockerTest\DockerFile" Language="ini">
		</Pattern>
	</Patterns>
</FileNameMap>
