<options>
	<profile n="language.c.aliases" version="1">
		<p n="rethrow">
			<text>
				<![CDATA[      try {
%\l
      } catch (const %\c &e) {
         osp_dataSource::String msg("Caught %\c - ");
         msg += e.reason;
         _debug.println(msg);
      }
      catch (...) {
         _debug.println("Caught Unknown Exception: ... ");
      }]]>
			</text>
		</p>
		<p n="=surround_with_ifdbg">
			<text>%\iif (_debug.isTurnedOn()) {
%\m sur_text -indent%
%\i}</text>
		</p>
	</profile>
</options>
