<options>
	<profile n="language.xml.beautifier_profiles.My Default" version="1">
		<p n="default_embedded_lang" v="phpscript"/>
		<p n="indent_code_from_tag" v="0"/>
		<p n="indent_col1_comments" v="1"/>
		<p n="indent_comments" v="1"/>
		<p n="indent_with_tabs" v="0"/>
		<p n="max_line_len" v="10000"/>
		<p n="ml_closing_block" v="1"/>
		<p n="ml_closing_tag" v="1"/>
		<p n="mod_tag_indent" v="1"/>
		<p n="original_tab_size" v="3"/>
		<p n="quote_all_values" v="0"/>
		<p n="quote_attr_number_value" v="1" apply="0"/>
		<p n="quote_attr_word_value" v="1" apply="0"/>
		<p n="syntax_indent" v="3"/>
		<p n="tab_size" v="3"/>
		<p n="tag_attr_style" v="AllOnOneLine"/>
		<p n="wc_attr_hex_value" v="0" apply="0"/>
		<p n="wc_attr_name" v="0" apply="0"/>
		<p n="wc_attr_word_value" v="0" apply="0"/>
		<p n="wc_tag_name" v="0" apply="0"/>
		<p n="![CDATA[," v=""/>
		<p n="![CDATA[,bl_after_end_tag" v="0" apply="1"/>
		<p n="![CDATA[,bl_after_start_tag" v="0" apply="1"/>
		<p n="![CDATA[,bl_before_end_tag" v="0" apply="1"/>
		<p n="![CDATA[,bl_before_start_tag" v="0" apply="1"/>
		<p n="![CDATA[,content_style" v="Preserve"/>
		<p n="![CDATA[,end_tag" v="0"/>
		<p n="![CDATA[,end_tag_required" v="0"/>
		<p n="![CDATA[,indent_tags" v="0"/>
		<p n="![CDATA[,ismin_after_end_tag" v="1"/>
		<p n="![CDATA[,ismin_after_start_tag" v="1"/>
		<p n="![CDATA[,ismin_before_end_tag" v="1"/>
		<p n="![CDATA[,ismin_before_start_tag" v="1"/>
		<p n="![CDATA[,preserve_child_tags" v="1"/>
		<p n="![CDATA[,preserve_child_tags_indent" v="1"/>
		<p n="![CDATA[,preserve_start_tag_indent" v="0"/>
		<p n="![CDATA[,valid_child_tags" v=""/>
		<p n="!DOCTYPE," v=""/>
		<p n="!DOCTYPE,bl_after_end_tag" v="0" apply="1"/>
		<p n="!DOCTYPE,bl_after_start_tag" v="0" apply="1"/>
		<p n="!DOCTYPE,bl_before_end_tag" v="0" apply="1"/>
		<p n="!DOCTYPE,bl_before_start_tag" v="0" apply="1"/>
		<p n="!DOCTYPE,content_style" v="Preserve"/>
		<p n="!DOCTYPE,end_tag" v="0"/>
		<p n="!DOCTYPE,end_tag_required" v="0"/>
		<p n="!DOCTYPE,indent_tags" v="0"/>
		<p n="!DOCTYPE,ismin_after_end_tag" v="1"/>
		<p n="!DOCTYPE,ismin_after_start_tag" v="1"/>
		<p n="!DOCTYPE,ismin_before_end_tag" v="1"/>
		<p n="!DOCTYPE,ismin_before_start_tag" v="1"/>
		<p n="!DOCTYPE,preserve_child_tags" v="1"/>
		<p n="!DOCTYPE,preserve_child_tags_indent" v="1"/>
		<p n="!DOCTYPE,preserve_start_tag_indent" v="0"/>
		<p n="!DOCTYPE,valid_child_tags" v=""/>
		<p n="(default tag)," v=""/>
		<p n="(default tag),bl_after_end_tag" v="1" apply="1"/>
		<p n="(default tag),bl_after_start_tag" v="1" apply="1"/>
		<p n="(default tag),bl_before_end_tag" v="1" apply="1"/>
		<p n="(default tag),bl_before_start_tag" v="1" apply="1"/>
		<p n="(default tag),content_style" v="Wrap"/>
		<p n="(default tag),end_tag" v="1"/>
		<p n="(default tag),end_tag_required" v="1"/>
		<p n="(default tag),indent_tags" v="1"/>
		<p n="(default tag),ismin_after_end_tag" v="1"/>
		<p n="(default tag),ismin_after_start_tag" v="1"/>
		<p n="(default tag),ismin_before_end_tag" v="1"/>
		<p n="(default tag),ismin_before_start_tag" v="1"/>
		<p n="(default tag),preserve_child_tags" v="0"/>
		<p n="(default tag),preserve_child_tags_indent" v="0"/>
		<p n="(default tag),preserve_start_tag_indent" v="0"/>
		<p n="(default tag),valid_child_tags" v=""/>
		<p n="?," v=""/>
		<p n="?,bl_after_end_tag" v="1" apply="1"/>
		<p n="?,bl_after_start_tag" v="0" apply="1"/>
		<p n="?,bl_before_end_tag" v="0" apply="1"/>
		<p n="?,bl_before_start_tag" v="1" apply="1"/>
		<p n="?,content_style" v="Preserve"/>
		<p n="?,end_tag" v="0"/>
		<p n="?,end_tag_required" v="0"/>
		<p n="?,indent_tags" v="0"/>
		<p n="?,ismin_after_end_tag" v="1"/>
		<p n="?,ismin_after_start_tag" v="1"/>
		<p n="?,ismin_before_end_tag" v="1"/>
		<p n="?,ismin_before_start_tag" v="1"/>
		<p n="?,preserve_child_tags" v="1"/>
		<p n="?,preserve_child_tags_indent" v="1"/>
		<p n="?,preserve_start_tag_indent" v="0"/>
		<p n="?,valid_child_tags" v=""/>
	</profile>
	<profile n="language.xml.beautifier_profiles.Preview Window Profile" version="1">
		<p n="default_embedded_lang" v="phpscript"/>
		<p n="indent_code_from_tag" v="0"/>
		<p n="indent_col1_comments" v="1"/>
		<p n="indent_comments" v="1"/>
		<p n="indent_with_tabs" v="1"/>
		<p n="max_line_len" v="5000" apply="1"/>
		<p n="ml_closing_block" v="1"/>
		<p n="ml_closing_tag" v="1"/>
		<p n="mod_tag_indent" v="1"/>
		<p n="original_tab_size" v="4"/>
		<p n="quote_all_values" v="0"/>
		<p n="quote_attr_number_value" v="1" apply="0"/>
		<p n="quote_attr_word_value" v="1" apply="0"/>
		<p n="syntax_indent" v="4"/>
		<p n="tab_size" v="4"/>
		<p n="tag_attr_style" v="AllOnOneLineWrapLongLine"/>
		<p n="wc_attr_hex_value" v="0" apply="0"/>
		<p n="wc_attr_name" v="0" apply="0"/>
		<p n="wc_attr_word_value" v="0" apply="0"/>
		<p n="wc_tag_name" v="0" apply="0"/>
		<p n="![CDATA[," v=""/>
		<p n="![CDATA[,bl_after_end_tag" v="0" apply="1"/>
		<p n="![CDATA[,bl_after_start_tag" v="0" apply="1"/>
		<p n="![CDATA[,bl_before_end_tag" v="0" apply="1"/>
		<p n="![CDATA[,bl_before_start_tag" v="0" apply="1"/>
		<p n="![CDATA[,content_style" v="Preserve"/>
		<p n="![CDATA[,end_tag" v="0"/>
		<p n="![CDATA[,end_tag_required" v="0"/>
		<p n="![CDATA[,indent_tags" v="0"/>
		<p n="![CDATA[,ismin_after_end_tag" v="1"/>
		<p n="![CDATA[,ismin_after_start_tag" v="1"/>
		<p n="![CDATA[,ismin_before_end_tag" v="1"/>
		<p n="![CDATA[,ismin_before_start_tag" v="1"/>
		<p n="![CDATA[,preserve_child_tags" v="1"/>
		<p n="![CDATA[,preserve_child_tags_indent" v="1"/>
		<p n="![CDATA[,preserve_start_tag_indent" v="0"/>
		<p n="![CDATA[,valid_child_tags" v=""/>
		<p n="!DOCTYPE," v=""/>
		<p n="!DOCTYPE,bl_after_end_tag" v="0" apply="1"/>
		<p n="!DOCTYPE,bl_after_start_tag" v="0" apply="1"/>
		<p n="!DOCTYPE,bl_before_end_tag" v="0" apply="1"/>
		<p n="!DOCTYPE,bl_before_start_tag" v="0" apply="1"/>
		<p n="!DOCTYPE,content_style" v="Preserve"/>
		<p n="!DOCTYPE,end_tag" v="0"/>
		<p n="!DOCTYPE,end_tag_required" v="0"/>
		<p n="!DOCTYPE,indent_tags" v="0"/>
		<p n="!DOCTYPE,ismin_after_end_tag" v="1"/>
		<p n="!DOCTYPE,ismin_after_start_tag" v="1"/>
		<p n="!DOCTYPE,ismin_before_end_tag" v="1"/>
		<p n="!DOCTYPE,ismin_before_start_tag" v="1"/>
		<p n="!DOCTYPE,preserve_child_tags" v="1"/>
		<p n="!DOCTYPE,preserve_child_tags_indent" v="1"/>
		<p n="!DOCTYPE,preserve_start_tag_indent" v="0"/>
		<p n="!DOCTYPE,valid_child_tags" v=""/>
		<p n="(default tag)," v=""/>
		<p n="(default tag),bl_after_end_tag" v="1" apply="1"/>
		<p n="(default tag),bl_after_start_tag" v="1" apply="1"/>
		<p n="(default tag),bl_before_end_tag" v="1" apply="1"/>
		<p n="(default tag),bl_before_start_tag" v="1" apply="1"/>
		<p n="(default tag),content_style" v="Wrap"/>
		<p n="(default tag),end_tag" v="1"/>
		<p n="(default tag),end_tag_required" v="1"/>
		<p n="(default tag),indent_tags" v="1"/>
		<p n="(default tag),ismin_after_end_tag" v="1"/>
		<p n="(default tag),ismin_after_start_tag" v="1"/>
		<p n="(default tag),ismin_before_end_tag" v="1"/>
		<p n="(default tag),ismin_before_start_tag" v="1"/>
		<p n="(default tag),preserve_child_tags" v="0"/>
		<p n="(default tag),preserve_child_tags_indent" v="0"/>
		<p n="(default tag),preserve_start_tag_indent" v="0"/>
		<p n="(default tag),valid_child_tags" v=""/>
		<p n="?," v=""/>
		<p n="?,bl_after_end_tag" v="1" apply="1"/>
		<p n="?,bl_after_start_tag" v="0" apply="1"/>
		<p n="?,bl_before_end_tag" v="0" apply="1"/>
		<p n="?,bl_before_start_tag" v="1" apply="1"/>
		<p n="?,content_style" v="Preserve"/>
		<p n="?,end_tag" v="0"/>
		<p n="?,end_tag_required" v="0"/>
		<p n="?,indent_tags" v="0"/>
		<p n="?,ismin_after_end_tag" v="1"/>
		<p n="?,ismin_after_start_tag" v="1"/>
		<p n="?,ismin_before_end_tag" v="1"/>
		<p n="?,ismin_before_start_tag" v="1"/>
		<p n="?,preserve_child_tags" v="1"/>
		<p n="?,preserve_child_tags_indent" v="1"/>
		<p n="?,preserve_start_tag_indent" v="0"/>
		<p n="?,valid_child_tags" v=""/>
	</profile>
</options>
