<options>
	<profile n="language.jira.aliases" version="1">
		<p n="=surround_with_asterisk">
			<text>*%\m sur_text%*</text>
		</p>
		<p n="=surround_with_underscoreunderscore">
			<text>__%\m sur_text%__</text>
		</p>
		<p n="=surround_with_h1">
			<text>#%\m sur_text%#</text>
		</p>
		<p n="=surround_with_h2">
			<text>##%\m sur_text%##</text>
		</p>
		<p n="=surround_with_h3">
			<text>###%\m sur_text%###</text>
		</p>
		<p n="=surround_with_h4">
			<text>####%\m sur_text%####</text>
		</p>
		<p n="=surround_with_h5">
			<text>#####%\m sur_text%#####</text>
		</p>
		<p n="=surround_with_underscore">
			<text>_%\m sur_text%_</text>
		</p>
		<p n="=surround_with_h6">
			<text>######%\m sur_text%######</text>
		</p>
		<p n="=surround_with_tick">
			<text>`%\m sur_text%`</text>
		</p>
		<p n="=surround_with_asteriskasterisk">
			<text>**%\m sur_text%**</text>
		</p>
		<p n="=surround_with_code">
			<text>{code:java}
%\m sur_text -indent%
{code}</text>
		</p>
		<p n="=surround_with_link">
			<params>
				<param n="url" default="https://www.google.com" prompt="Please paste url here:"/>
			</params>
			<text>[%\m sur_text%|%(url)%\c]</text>
		</p>
		<p n="=surround_with_noformat">
			<text>{noformat}
%\m sur_text -indent%
{noformat}</text>
		</p>
	</profile>
</options>
