<options>
	<profile n="misc.aliases" version="1">
		<p n="filecomment">
			<text>/*******************************************************************
 *
 *    DESCRIPTION:%\c
 *
 *    AUTHOR:
 *
 *    HISTORY:
 *
 *    DATE:%\d
 *
 *******************************************************************/
%\l
/** include files **/
%\l
/** local definitions **/
%\l
/* default settings */
%\l
/** external functions **/
%\l
/** external data **/
%\l
/** internal functions **/
%\l
/** public data **/
%\l
/** private data **/
%\l
/** public functions **/
%\l
/** private functions **/</text>
		</p>
		<p n="drop">
			<text>C:\Users\egutarra\Dropbox</text>
		</p>
		<p n="functioncomment">
			<params>
				<param n="fname" default="" prompt="Function Name:"/>
			</params>
			<text>/*******************************************************************************
 * FUNCTION NAME: %\o
 * %\S
 * DESCRIPTION: %\S
 *     %\c
 *
 * INPUTS: %\u
 *     @param %\p %\c
 *
 * OUTPUTS: %\v
 *     @return %\r %\c%\v
 *
 ******************************************************************************/</text>
		</p>
		<p n="rethrow">
			<text>
				<![CDATA[      try {
%\l
      } catch (const osp_cppUtil::Exception &e) {
         osp_dataSource::String msg("Caught osp_cppUtil::Exception - ");
         msg += e.reason;
         _debug.println(msg);
      }
      catch (...) {
         _debug.println("Caught Unknown Exception: ... ");
      }]]>
			</text>
		</p>
		<p n="jou">
			<text>E:\Journal</text>
		</p>
		<p n="checkin">
			<params>
				<param n="num" default="OSPKD-" prompt="Issue number:"/>
			</params>
			<text>Checkin - DC-Kingdom (%(num))
%(num): %\S</text>
		</p>
		<p n="pmst">
			<text>C:\Users\egutarra\Google Drive\PhillipMedStuff</text>
		</p>
		<p n="gslog">
			<text>/opt/qa/datasynapse/manager-data/logs/server/</text>
		</p>
		<p n="prsuc">
			<text>%\m getInfoFromRsync%</text>
		</p>
		<p n="desk">
			<text>C:\Users\egutarra\Desktop</text>
		</p>
		<p n="=surround_with_code">
			<text>{code:java}
%\m sur_text -indent%
{code}</text>
		</p>
	</profile>
</options>
