<Toolbars>
	<Toolbar Name="_tbstandard_form">
		<Separators>
			<Separator ItemBefore="gui-print" ItemAfter="cut" Size="1"/>
			<Separator ItemBefore="select-code-block" ItemAfter="undo" Size="1"/>
			<Separator ItemBefore="forward" ItemAfter="gui-find" Size="1"/>
			<Separator ItemBefore="gui-replace" ItemAfter="fullscreen" Size="1"/>
		</Separators>
		<Duplicates>
			<Duplicate Command="history-diff-machine-file" Action="3" Message="List Backup History for Current File" Prev="history-diff-machine-file" Next="gui-print" Picture="bbsave_history.svg" Type="0"/>
		</Duplicates>
	</Toolbar>
	<Toolbar Name="_tbtagging_form">
		<Duplicates>
			<Duplicate Command="push-alttag" Action="3" Message="Go to Declaration" Prev="push-alttag" Next="pop-bookmark" Picture="bbpush_decl.svg" Type="0"/>
		</Duplicates>
	</Toolbar>
	<Toolbar Name="_tbandroid_form">
		<Modifications>
			<Modification Command="android_avd_manager" Action="0" Message="Launch Android Virtual Device Manager" Prev="FIRST_ITEM" Next="android_sdk_manager" Picture="bbandroid_avd.svg" Type="0"/>
			<Modification Command="android_sdk_manager" Action="0" Message="Launch Android SDK Manager" Prev="android_avd_manager" Next="android-avd-manager" Picture="bbandroid_sdk.svg" Type="0"/>
			<Modification Command="android_ddms" Action="0" Message="Launch DDMS (Dalvik Debug Monitor)" Prev="android-ddms" Next="LAST_ITEM" Picture="bbandroid_ddms.svg" Type="0"/>
		</Modifications>
		<Duplicates/>
	</Toolbar>
</Toolbars>
